url,label
https://www.google.com/,0
https://github.com/login,0
https://en.wikipedia.org/wiki/Python,0
https://www.amazon.com/gp/cart,0
https://www.paypal.com/signin,0
https://mail.google.com/mail/u/0,0
https://www.microsoft.com/en-us/,0
https://stackoverflow.com/questions,0
https://www.nytimes.com/section/world,0
https://www.bbc.co.uk/news,0
https://www.reddit.com/r/python,0
https://www.linkedin.com/feed,0
https://www.apple.com/iphone,0
https://www.dropbox.com/home,0
https://www.spotify.com/us,0
https://www.netflix.com/browse,0
https://azure.microsoft.com/en-us,0
https://www.cloudflare.com/,0
https://www.python.org/downloads,0
https://news.ycombinator.com/,0
https://www.gov.uk/log-in,0
https://accounts.google.com/signin,0
https://www.youtube.com/watch,0
https://www.facebook.com/login,0
https://www.wikipedia.org/,0
http://192.168.10.5/login.php,1
http://paypal.com.secure-login.verify-account.com/signin,1
http://appleid.apple.com-account-verify.ru/login,1
http://secure-update-bankofamerica.session-id-8837.tk/,1
http://198.51.100.23/wp-admin/paypal/verify.html,1
http://free-gift-card-amazon.win/claim?id=123456,1
http://login-facebook-security-check.ml/confirm,1
http://account-verify-netflix-billing.gq/update,1
http://signin.ebay.com.fraud-check.co/ws/login,1
http://microsoft-support-alert.ddns.net/fix-now,1
http://10.0.0.138/onlinebanking/login.jsp,1
http://www.paypa1-secure.com/account/verify,1
http://user@evil.com/paypal.com/secure/login,1
http://bank-of-america.verify.account.update.com/signin,1
http://203.0.113.77:8080/admin/login,1
http://amaz0n-account-locked.support/confirm-identity,1
http://icloud-find-my-iphone.locate-device.cn/login,1
http://update-your-account-now-paypal.com-security.info/,1
http://verify-chase-online-banking.serveblog.net/,1
http://192.0.2.44/dropbox/login/secure,1
http://login.microsoftonline.com.session.verify-id.top/,1
http://banking.hsbc.co.uk.secure-access.link/login,1
http://netflix-payment-declined-update.xyz/billing,1
http://paypal-com.account-limited.help/resolve-now,1
http://secure.wellsfargo.com.session-9931.online/signin,1
